system_version,sheet_name,round,question,answer,context,meta_json
local_rag,local_rag,R1,What is the specific scale factor (arcseconds per step) used by the teloffset program to calculate guideprobe movement?,The specific scale factor used by the teloffset program to calculate guideprobe movement is 0.007153 arcseconds per step. This value is defined in the code snippet as `scalefactor = 0.007153`.,"[alfosc_slit_off_ocr.pdf | chunk 9] way to report it back to the caller is by using the exit status. The following values will (can) be returned e 0) Normal termination (all ok). e -l Unable to establish RPC connection to TCS. e -? Telescope is not being autoguided. e -3 Guideprobe movement will result in X and Y value out of range. e -4 Guideprobe movement will result in X value out of range. e -5 Guideprobe movement will result in Y value out of range. Chapter 6 Bugs The actual (measured TGT X,Y) differs from the desired by between 0 and 10 pixels. Possibly the various scales used have not been determined well enough. Chapter 7 Program listing. 7.1 Main program. #include <stdio.h> #include <math.h> #include <time.h> #include ""../hostintf5/gettcs5.h"" /* Functions used: FieldRotationDelta MoveRADelta MoveDECDelta AutoGuideDff AutoGuideOn MoveGuideprobeDeltaxX MoveGuideprobeDeltaY MoveGuideprobeX; MoveGuideprobeY; Usage: of

[output_ocr.pdf | chunk 9] in X value out of range. 5: Guideprobe movement will result in Y value out of range. +/ #define DEBUG TRUE Je gad gd agg gd agg agg dg Rag agg kk cc / main(arge, argv) int argc; char **argv; double Xmovement, Ymovement; /* The amount to offset */ int OldGuideprobeX, OldGuideprobeY; int NewGuideprobeX, NewGuideprobeY; int AutoGuiding; /* 1: autoguiding 0: not autoguiding */ int AutoguidingWasOn = 0; /* 1: Yes it was 0: No it wasn’t */ double field; /* Field rotation */ double field_off = 90.0; /* Field zeropoint offset (field -90 is zero)*/ double scalefactor = 0.007153; /* asec pr. ag step */ CHAPTER 6. PROGRAM LISTING. 10 int TCS_accesscode; int *FieldRotDeltaRes, RADeltaRes, DECDeltaRes, AutoGuide0ffRes, AutoGuideOnRes, GuideprobeDeltaxkRes, GuideprobeDeltaYRes, GuideprobeXRes, GuideprobeYRes; char *getserver; fieldrotdeltatype a, *fieldrotdelta_info = ka; radeltatype b, *radelta_info

[output_ocr.pdf | chunk 12] move the guideprobe opposite the tel. */ /* This is only true if the angle between x,y and alpha,delta is 0 /* /* In any other case, calculate what the angle does */ /* SIGH! */ /* Sign is correct */ NewGuideprobeX = OldGuideprobeX - (int) (¥movement / scalefactor); NewGuideprobeY = OldGuideprobeY - (int) (Xmovement / scalefactor); /* Check if within limits, but only if we where guiding. */ if ( ((NewGuideprobeX <= 1100.0) || (NewGuideprobeX >= 225000.0)) && ((NewGuideprobeY <= 1100.0) || (MNewGuideprobeY >= 165000.0)) ) { fprintf(stdout ,""Error: Guideprobe X and Y outside limits.\n""); exit(-3); CHAPTER 6. PROGRAM LISTING. ll } if ( (NewGuideprobeX <= 1100.0) || (NewGuideprobeX >= 225000.0) ) { fprintf(stderr,""Error: Guideprobe X outside lLimits.\n""); exit(-4); } if ( (NewGuideprobeY <= 1100.0) || (NewGuideprobeY >= 165000.0) ) { fprintf(stderr,""Error: Guideprobe Y outside limits.\n'"");

[alfosc_slit_off_ocr.pdf | chunk 3] he coordinate system ro- tated ”field” degrees: A, = A, cos( field + zeropoint sieia) — A, sin( field + zeropoint sieia) As = A,- sin( field + zeropoint ficia) + A, - cos( field + zeropoint sie) The value of the 6 movement is negated because increasing values of CCD Y corresponds to descreasing declination. The telescope is moved. The amount to move the guideprobe is determined as As Xnew = Xo aan “0.00732 A. Ynew = Youd ne See 0.007342 The new guideprobe position is checked to be within limits. The guideprobe is moved. Waits until the guideprobe has reached its new position. Waits until the telescope is tracking. Switches autoguiding on. Returns to caller with exit status 0 (zero). Chapter 2 Changes since last version From version 0.1 the following things have been changed e The check of the guideprobe limits have been moved so that the check is being performed before any telescope or g

[output_ocr.pdf | chunk 3] As = A,- sin( field + zeropoint ficia) + A, - cos( field + zeropoint sie) The value of the 6 movement is negated because increasing values of CCD Y corresponds to descreasing declination. The telescope is moved. The guideprobe is moved. Waits until the guideprobe has reached its new position. Waits until the telescope is tracking. Switches autoguiding on. Returns to caller with exit status 0 (zero). If the offset size is bigger than a certain size, the guideprobe will end outside its limits. It is desirable to be able to make such big offsets, so the program is able to do that. If the telescope is being autoguided before the program is executed, the actions described above will be taken. If, however the telescope is not being autoguided before the offset program is run, the program will do as follows Calculates the amount to move the telescope, given the field rotation. Moved the telesco","{""context_chunk_count"": 5}"
local_rag,local_rag,R1,What is the default focus position (foc-pos) and TV focus (tv-foc) for the ALFOSC instrument?,"The provided context does not contain specific information about the default focus position (foc-pos) or TV focus (tv-foc) for the ALFOSC instrument. Therefore, I cannot provide this information based on the given documents.","[www.not.iac.es/observing/seq/new/seq-command.php?i=30.tmp.html | chunk 2] Quelle: https://www.facebook.com/Nordic.Optical.Telescope/

fosc.expose alfosc.focuspyr-auto alfosc.focus-offset alfosc.snapshot Used In Last Update 0000-00-00 00:00:00 Author PMS Back to top Last modified: November 28 2023

[www.not.iac.es/observing/seq/new/seq-command.php?i=33.tmp.html | chunk None] Quelle: https://www.facebook.com/Nordic.Optical.Telescope/

System alfosc Command focuspyr Arguments Type DATA Short Description Lets the user interactively examine a Focus Pyramid image to determine the focus offset required to bring the telescope in focus. Long Description Interactively examine a focus pyramid image to determine the focus offset required to bring the telescope in focus. The estimated best focus offset determined by the focuspyr-auto script will be presented on screen for comparison. Depends On Used In Last Update 0000-00-00 00:00:00 Author PMS Back to top Last modified: November 28 2023

[www.not.iac.es/observing/seq/new/seq-command.php?i=4.tmp.html | chunk None] Quelle: https://www.facebook.com/Nordic.Optical.Telescope/

System alfosc Command alfoscfocus Arguments [-d] [ready] [step] <n> Type INST Short Description Moves ALFOSC internal focus to step position <n>. [ready] Returns '0' if the element is moving, '1' if it is ready. [step] returns the step position [0-2700] of the ALFOSC internal focus. Long Description Moves ALFOSC internal focus to step position <n>. [ready] returns '0' if the element is moving, '1' if it is ready. [step] returns the step position [0-2700] of the ALFOSC internal focus. Depends On Used In alfosc.acquisition Last Update 0000-00-00 00:00:00 Author JC Back to top Last modified: November 28 2023

[www.not.iac.es/observing/seq/new/docserver.php?i=ALFOSC&t=ANY&u=BASIC&m=SPEC&d=LONG.tmp.html | chunk 9] Quelle: https://www.facebook.com/Nordic.Optical.Telescope/

tected in the image, the focus can be determined in a more interactive mode by using the commands focuspyr-setup, expose, focuspyr, focus-position (see documentation on these commands for further information). Usage example: alfosc.focus -n 4 -t 15 -a nearest Focuses the telescope using the nearest focusfield, doing 4 loops with individual exposures of 15s. TEL alfosc focus-offset [-e] [-d <nn>] Optics in the beam introduces a telescope focus offset (see table ). The 'focus-offset' command checks what is currently in the FASU and ALFOSC filter wheels and applies the corresponding focus offset (using foc-del) when possible. The focus offset introduced by a retarder plate in polarimetry mode is also accounted for. Be very careful when using this command. Focus offset for many optical elements are not known and as a consequence the telescope may in fact not be in focus even after using this

[www.not.iac.es/observing/seq/new/docserver.php?i=ALFOSC&t=ANY&u=GENERAL&m=ANY&d=LONG.tmp.html | chunk 20] Quelle: https://www.facebook.com/Nordic.Optical.Telescope/

be determined in a more interactive mode by using the commands focuspyr-setup, expose, focuspyr, focus-position (see documentation on these commands for further information). Usage example: alfosc.focus -n 4 -t 15 -a nearest Focuses the telescope using the nearest focusfield, doing 4 loops with individual exposures of 15s. TEL alfosc focus-offset [-e] [-d <nn>] Optics in the beam introduces a telescope focus offset (see table ). The 'focus-offset' command checks what is currently in the FASU and ALFOSC filter wheels and applies the corresponding focus offset (using foc-del) when possible. The focus offset introduced by a retarder plate in polarimetry mode is also accounted for. Be very careful when using this command. Focus offset for many optical elements are not known and as a consequence the telescope may in fact not be in focus even after using this command . If the focus offset is","{""context_chunk_count"": 5}"
local_rag,local_rag,R1,"When using the slit-offset program, what is the required CCD-number if an observer is using ALFOSC versus Stancam?","For ALFOSC, the CCD number used with the slit-offset program is 1. For Stancam, it is not explicitly stated in the provided context what the specific CCD number is, but typically for Stancam, it would be a different number, often 2. However, precise confirmation would require checking the `slitpos.def` file as mentioned in the context.","[alfosc_slit_off_ocr.pdf | chunk 8] mber is | for Stancam and 7 for ALFOSC. Example: slit-offset 161.72.5.7 325911657 734 288 1 7 The file slitpos.def is required for SLIT-OFFSET to work. It is located in the alfose directory under the observer account (~obs1/alfosc/slitpos.def or ~obs2/alfosc/slitpos.def for use with ALFOSC and ~obsi/stancam/slitpos.def or ~obs2/stancam/slitpos.def for use with FIES/Stancam). It contains information on the position of the slits on the CCD and has the following format 1 1020 1024 2 1102 993 3 1024 1024 One line describes the position of one slit. In this example the position of slit number 2 is (x,y) = (1102, 993). The program returns an exit status according to the success of the exe- cution. A number of things can go wrong, and the easiest way to report it back to the caller is by using the exit status. The following values will (can) be returned e 0) Normal termination (all ok). e -l Un

[alfosc_slit_off_ocr.pdf | chunk 1] d line. It’s usage in combination with the CCD aquisition program (BIAS) works via a small modifocation in BIAS. This serves to obtain the objects position on the CCD and then call SLIT-OFFSET with these parameters. It is not pos- sible to perform other actions within BIAS while SLIT-OFFSET is executing. SLIT-OFFSET is called with the following parameters (also see ‘usage’) e [P-number The IP number of the TCS/VME computer. e Accesscode The current accesscode for communicating with the TCS. e X position of star The X position of the object on the CCD. e Y position of the star The Y position of the object on the CCD. e Slit number The number of the slit currently in the light path in ALFOSC. Num- bered from | to 8 (both included). e CCD Number The number of the CCD detector used. This is used for pixed scale and orientation purposes. The program now takes action as follows e Search the fi

[alfosc_slit_off_ocr.pdf | chunk None] Documentation on SLIT-OFFSET (Combined offset program for use with ALFOSC / FIES),. Version 2.0 Jacob Wang Clasen Nordic Optical Telescope February 28, 2000 Contents 1 Description 2 2 Changes since last version 4 3 Compilation 5 4 Installation 6 5 Usage 7 6 Bugs 9 7 Program listing. 10 7.1 Main program. . 2... 0... 10 7.2. Makefile. 2... 14 7.3 Code inserted into BIAS... 2.000.002.0002. 02 008. 15 Chapter 1 Description The purpose of this program (SLIT-OFFSET) is to facilitate the task of offset- ting the telescope/guideprobe in order to place an object on the slit /aperture of the ALFOSC spectrograph and on the fiber of FIES. The program is de- signed as a stand-alone program, i.e. it is self-contained and is executed from the shell command line. It’s usage in combination with the CCD aquisition program (BIAS) works via a small modifocation in BIAS. This serves to obtain the objects pos

[alfosc_slit_off_ocr.pdf | chunk 5] dr.o e gettcsd.h Edit the makefile to make RDIR point to the directory containing above files. Type make slit-offset.The directory will now also contain the file e slit-offset The compilationis completed. Chapter 4 Installation Copy the file slit-offset to the /usr/local/bin directory. The BIAS program expect to find slit-offset in this directory. Edit the file slitpos.def to contain the correct slit X/Y positions and copy the file to the directory from where the startba command is given. Currently “obsi/alfosc or ~obs2/alfosc and ~obsi/stancam or ~obs2/stancam for use with FIES/Stancam. Chapter 5 Usage The normal usage of SLIT-OFFSET is hidden internally in BIAS. BIAS makes a system call (system(3)) to call SLIT-OFFSET. In the following, the procedure for placing an object on the slit is described. This is done from within BIAS. Make an image of the object which should be offset to the

[www.not.iac.es/observing/seq/new/seq-command.php?i=83.tmp.html | chunk None] Quelle: https://www.facebook.com/Nordic.Optical.Telescope/

System alfosc Command teloffset Arguments <n> <m> Type TEL Short Description Offsets an object on the CCD <n> arcseconds in X direction, <m> arcseconds in Y direction. Long Description Offsets an object on the CCD <n> arcseconds in X direction, <m> arcseconds in Y direction. Depends On Used In alfosc.dither alfosc.easyflat alfosc.alfosc.remote-slitoff alfosc.slitoff Last Update 0000-00-00 00:00:00 Author JC Back to top Last modified: November 28 2023","{""context_chunk_count"": 5}"
local_rag,local_rag,R1,What is the exit status code returned by teloffset if the telescope is not being autoguided at the time of execution?,"The exit status code returned by teloffset if the telescope is not being autoguided at the time of execution is -?. This can be found in the document [alfosc_slit_off_ocr.pdf | Chunk 9], where it states ""e -? Telescope is not being autoguided.""","[www.not.iac.es/observing/seq/tcs-seq-commands.html | chunk 11] Quelle: https://www.facebook.com/Nordic.Optical.Telescope/

to only continue when the ADC is also ready. Continous ADC mode is not commissioned and not offered. tel-idle [-d] Sets the telescope to 'idle'. tcs-command [-d] ""tcs-command"" Sends the command ""tcs-command"" to the TCS. Example: to send the command ""guide-probe-park"" to the TCS, do tcs-command ""guide-probe-park"" or tcs-command ""g-p-park"" It is IMPORTANT to note that this command does not wait until this or that movement in the telescope has been done. It sends the command and returns the prompt. See TCS manual for details. Back to top Last modified: December 12 2022

[alfosc_slit_off_ocr.pdf | chunk 9] way to report it back to the caller is by using the exit status. The following values will (can) be returned e 0) Normal termination (all ok). e -l Unable to establish RPC connection to TCS. e -? Telescope is not being autoguided. e -3 Guideprobe movement will result in X and Y value out of range. e -4 Guideprobe movement will result in X value out of range. e -5 Guideprobe movement will result in Y value out of range. Chapter 6 Bugs The actual (measured TGT X,Y) differs from the desired by between 0 and 10 pixels. Possibly the various scales used have not been determined well enough. Chapter 7 Program listing. 7.1 Main program. #include <stdio.h> #include <math.h> #include <time.h> #include ""../hostintf5/gettcs5.h"" /* Functions used: FieldRotationDelta MoveRADelta MoveDECDelta AutoGuideDff AutoGuideOn MoveGuideprobeDeltaxX MoveGuideprobeDeltaY MoveGuideprobeX; MoveGuideprobeY; Usage: of

[output_ocr.pdf | chunk 3] As = A,- sin( field + zeropoint ficia) + A, - cos( field + zeropoint sie) The value of the 6 movement is negated because increasing values of CCD Y corresponds to descreasing declination. The telescope is moved. The guideprobe is moved. Waits until the guideprobe has reached its new position. Waits until the telescope is tracking. Switches autoguiding on. Returns to caller with exit status 0 (zero). If the offset size is bigger than a certain size, the guideprobe will end outside its limits. It is desirable to be able to make such big offsets, so the program is able to do that. If the telescope is being autoguided before the program is executed, the actions described above will be taken. If, however the telescope is not being autoguided before the offset program is run, the program will do as follows Calculates the amount to move the telescope, given the field rotation. Moved the telesco

[alfosc_slit_off_ocr.pdf | chunk 3] he coordinate system ro- tated ”field” degrees: A, = A, cos( field + zeropoint sieia) — A, sin( field + zeropoint sieia) As = A,- sin( field + zeropoint ficia) + A, - cos( field + zeropoint sie) The value of the 6 movement is negated because increasing values of CCD Y corresponds to descreasing declination. The telescope is moved. The amount to move the guideprobe is determined as As Xnew = Xo aan “0.00732 A. Ynew = Youd ne See 0.007342 The new guideprobe position is checked to be within limits. The guideprobe is moved. Waits until the guideprobe has reached its new position. Waits until the telescope is tracking. Switches autoguiding on. Returns to caller with exit status 0 (zero). Chapter 2 Changes since last version From version 0.1 the following things have been changed e The check of the guideprobe limits have been moved so that the check is being performed before any telescope or g

[alfosc_slit_off_ocr.pdf | chunk 21] beY '= NewGuideprobeY) ); T = time (NULL); do { if ((telescope = GetTelescope()) == NULL) exit(1); usleep (500000) ; if (time(NULL) - T > TIMEOUT) exit(-6); /* Are we timed out? */ if (DEBUG) { fprintf(stdout ,""Waiting for telescope...\n""); } } while (telescope->TelescopeModeNumber != 4); /* Swich autoguiding back on */ fprintf(stdout ,""Turning autoguiding back on...\n'""); if ((AutoGuideDnRes = AutoGuideOn(agon_info)) == NULL) exit(1); fprintf(stdout,""Look at the guidestar monitor and wait for\n""); fprintf(stdout,"" the guidestar to be centered in the box, then press ’q’\n""); exit(d); 7.2. Makefile. SH ELL=/bin/sh #D F = _CLASSIC_ID_TYPES DF = __STDC__ cc = gcc LD = 1d OD IR=. RD IR = ../rpc/hostintf5 PD IR=. #T MPD = /dd/TEMP CF LAGS = -O -c -D$(DF) #-Wall LD FLAGS = -lm RP CLIB) = rpcsvc LI NKLIBS 1$(RPCLIB) RO TATION = rotation OF FSET = offset SE RVEROBJS $CRDIR) /hostintf5_svc.o $(RD","{""context_chunk_count"": 5}"
local_rag,local_rag,R1,"In the alfosc_ser_daemon command set, what does the command ""SEnnnnn"" trigger, and what does the ""nnnnn"" represent?","The context provided does not contain specific information about the ""SEnnnnn"" command or its usage within the alfosc_ser_daemon command set. The given documentation focuses on general command types and their syntax but does not detail the exact function of ""SEnnnnn"". Therefore, based on the available information, I cannot provide a precise answer to what ""SEnnnnn"" triggers or what ""nnnnn"" represents.","[www.not.iac.es/observing/seq/new/docserver.php?i=ALFOSC&t=DISP&u=STAFF&m=ANY&d=SHORT.tmp.html | chunk None] Quelle: https://www.facebook.com/Nordic.Optical.Telescope/

ALFOSC Sequencer Command Documentation Go to the SEQUENCER Reference Manual Main Page. Instrument : ALFOSC Observing Mode : ANY IMA SPEC POL Command Type : ANY DATA DET DISP INST TEL Usage : BASIC GENERAL STAFF Description : SHORT LONG System Command Arguments Description Type In scripts, the syntax alfosc.<command> should be used. If a part of a command is written in <angle brackets> , this is an argument that should be replaced with a value. If a part of a command is written in [square brackets] , this is an optional argument or flag. When available, the optional flag -d will write extended debugging information to the log. When available, the optional flag -e will show the script on standard output instead of executing the commands. When available, the optional flag -t will only make a simulated exposure. Useful for testing scripts. Type definitions: DATA: All commands related to hand

[www.not.iac.es/observing/seq/new/docserver.php?i=ALFOSC&t=DISP&u=STAFF&m=POL&d=SHORT.tmp.html | chunk None] Quelle: https://www.facebook.com/Nordic.Optical.Telescope/

ALFOSC Sequencer Command Documentation Go to the SEQUENCER Reference Manual Main Page. Instrument : ALFOSC Observing Mode : ANY IMA SPEC POL Command Type : ANY DATA DET DISP INST TEL Usage : BASIC GENERAL STAFF Description : SHORT LONG System Command Arguments Description Type In scripts, the syntax alfosc.<command> should be used. If a part of a command is written in <angle brackets> , this is an argument that should be replaced with a value. If a part of a command is written in [square brackets] , this is an optional argument or flag. When available, the optional flag -d will write extended debugging information to the log. When available, the optional flag -e will show the script on standard output instead of executing the commands. When available, the optional flag -t will only make a simulated exposure. Useful for testing scripts. Type definitions: DATA: All commands related to hand

[www.not.iac.es/observing/seq/new/docserver.php?i=ALFOSC&t=DISP&u=STAFF&m=IMA&d=LONG.tmp.html | chunk None] Quelle: https://www.facebook.com/Nordic.Optical.Telescope/

ALFOSC Sequencer Command Documentation Go to the SEQUENCER Reference Manual Main Page. Instrument : ALFOSC Observing Mode : ANY IMA SPEC POL Command Type : ANY DATA DET DISP INST TEL Usage : BASIC GENERAL STAFF Description : SHORT LONG System Command Arguments Description Type In scripts, the syntax alfosc.<command> should be used. If a part of a command is written in <angle brackets> , this is an argument that should be replaced with a value. If a part of a command is written in [square brackets] , this is an optional argument or flag. When available, the optional flag -d will write extended debugging information to the log. When available, the optional flag -e will show the script on standard output instead of executing the commands. When available, the optional flag -t will only make a simulated exposure. Useful for testing scripts. Type definitions: DATA: All commands related to hand

[www.not.iac.es/observing/seq/new/docserver.php?i=ALFOSC&t=TEL&u=STAFF&m=IMA&d=SHORT.tmp.html | chunk None] Quelle: https://www.facebook.com/Nordic.Optical.Telescope/

ALFOSC Sequencer Command Documentation Go to the SEQUENCER Reference Manual Main Page. Instrument : ALFOSC Observing Mode : ANY IMA SPEC POL Command Type : ANY DATA DET DISP INST TEL Usage : BASIC GENERAL STAFF Description : SHORT LONG System Command Arguments Description Type In scripts, the syntax alfosc.<command> should be used. If a part of a command is written in <angle brackets> , this is an argument that should be replaced with a value. If a part of a command is written in [square brackets] , this is an optional argument or flag. When available, the optional flag -d will write extended debugging information to the log. When available, the optional flag -e will show the script on standard output instead of executing the commands. When available, the optional flag -t will only make a simulated exposure. Useful for testing scripts. Type definitions: DATA: All commands related to hand

[www.not.iac.es/observing/seq/new/docserver.php?i=ALFOSC&t=DISP&u=STAFF&m=SPEC&d=SHORT.tmp.html | chunk None] Quelle: https://www.facebook.com/Nordic.Optical.Telescope/

ALFOSC Sequencer Command Documentation Go to the SEQUENCER Reference Manual Main Page. Instrument : ALFOSC Observing Mode : ANY IMA SPEC POL Command Type : ANY DATA DET DISP INST TEL Usage : BASIC GENERAL STAFF Description : SHORT LONG System Command Arguments Description Type In scripts, the syntax alfosc.<command> should be used. If a part of a command is written in <angle brackets> , this is an argument that should be replaced with a value. If a part of a command is written in [square brackets] , this is an optional argument or flag. When available, the optional flag -d will write extended debugging information to the log. When available, the optional flag -e will show the script on standard output instead of executing the commands. When available, the optional flag -t will only make a simulated exposure. Useful for testing scripts. Type definitions: DATA: All commands related to hand","{""context_chunk_count"": 5}"
local_rag,local_rag,R1,Explain the complete sequence of events that occurs when the teloffset program is executed while the telescope is already being autoguided.,"When the teloffset program is executed while the telescope is already being autoguided, the following sequence of events occurs:

1. The guideprobe and telescope are moved according to the calculated offset.
2. The new position of the guideprobe is checked to ensure it remains within limits.
3. The telescope waits until the guideprobe has reached its new position.
4. The telescope ensures it is tracking properly.
5. Autoguiding is switched on.
6. The program returns to the caller with an exit status of 0 (zero).

This sequence negates the value of the B movement because increasing values of CCD Y correspond to decreasing declination, as mentioned in the context.","[output_ocr.pdf | chunk 3] As = A,- sin( field + zeropoint ficia) + A, - cos( field + zeropoint sie) The value of the 6 movement is negated because increasing values of CCD Y corresponds to descreasing declination. The telescope is moved. The guideprobe is moved. Waits until the guideprobe has reached its new position. Waits until the telescope is tracking. Switches autoguiding on. Returns to caller with exit status 0 (zero). If the offset size is bigger than a certain size, the guideprobe will end outside its limits. It is desirable to be able to make such big offsets, so the program is able to do that. If the telescope is being autoguided before the program is executed, the actions described above will be taken. If, however the telescope is not being autoguided before the offset program is run, the program will do as follows Calculates the amount to move the telescope, given the field rotation. Moved the telesco

[alfosc_slit_off_ocr.pdf | chunk 3] he coordinate system ro- tated ”field” degrees: A, = A, cos( field + zeropoint sieia) — A, sin( field + zeropoint sieia) As = A,- sin( field + zeropoint ficia) + A, - cos( field + zeropoint sie) The value of the 6 movement is negated because increasing values of CCD Y corresponds to descreasing declination. The telescope is moved. The amount to move the guideprobe is determined as As Xnew = Xo aan “0.00732 A. Ynew = Youd ne See 0.007342 The new guideprobe position is checked to be within limits. The guideprobe is moved. Waits until the guideprobe has reached its new position. Waits until the telescope is tracking. Switches autoguiding on. Returns to caller with exit status 0 (zero). Chapter 2 Changes since last version From version 0.1 the following things have been changed e The check of the guideprobe limits have been moved so that the check is being performed before any telescope or g

[www.not.iac.es/observing/seq/new/docserver.php?i=ALFOSC&t=DISP&u=BASIC&m=POL&d=SHORT.tmp.html | chunk 2] Quelle: https://www.facebook.com/Nordic.Optical.Telescope/

computer. INST: Commands related to operations with the instrument. TEL: Commands related to operations with the telescope. Back to top Last modified: January 26 2023

[www.not.iac.es/observing/seq/new/docserver.php?i=ALFOSC&t=DISP&u=BASIC&m=ANY&d=SHORT.tmp.html | chunk 2] Quelle: https://www.facebook.com/Nordic.Optical.Telescope/

computer. INST: Commands related to operations with the instrument. TEL: Commands related to operations with the telescope. Back to top Last modified: January 26 2023

[www.not.iac.es/observing/seq/new/docserver.php?i=ALFOSC&t=DISP&u=BASIC&m=SPEC&d=SHORT.tmp.html | chunk 2] Quelle: https://www.facebook.com/Nordic.Optical.Telescope/

computer. INST: Commands related to operations with the instrument. TEL: Commands related to operations with the telescope. Back to top Last modified: January 26 2023","{""context_chunk_count"": 5}"
local_rag,local_rag,R1,"During afternoon preparations, what are the exact steps required to load a new TCS Target Catalogue?","To load a new TCS Target Catalogue during afternoon preparations, follow these steps:

1. Turn on the screens and brightness from the TCS VT510 terminal.
2. If necessary, erase the old catalogue by typing `erase-catalogue` on the TCS.
3. Load a source catalogue by typing `read-catalogue _catname.cat_` on the TCS, where `_catname_` is the name of the catalogue you want to load.

This process ensures that all your targets are loaded into the TCS for manual observations if needed.","[pure.md_https___www.not.iac.es_observing_cookbook_current_Cookbook.php_instrument=ALFOSC.pdf | chunk 132] (around lunch time). When you are asked to supply the TCS access code, do the following: On the TCS VT510 terminal, make sure that the brightness is turned upOn TCS type: **Show-Page** and then **1** (or type**sh-p 1** for short) The TCS access code is shown on the top part of the screen as: **AccessCode xxxxxxxxxx** Loading the TCS Target Catalogue On the TCS, press the catalogue button **CAT** to view the object catalogue. If you want to erase the current catalogue that is displayed, type **erase-catalogue** on the TCS. Load a source catalogue by typing **read-catalogue _catname.cat_** on the TCS, where _catname_ is the name of the catalogue. A source catalogue can be created by using the web interface or the objects can be added directly to the current TCS catalogue by pressing the key, **Enter Object (2)** and then type according to the example below:**Name RA DEC Epoch ProperMotion

[pure.md_https___www.not.iac.es_observing_cookbook_current_Cookbook.php_instrument=ALFOSC.pdf | chunk 128] NCxxxx** where xxxx refer to the file prefix for the night. Turn down TCS screen brightness Turn off monitors (NO TCS) Turn on the control room webcam Complete the www report forms Turn off lights Lockup the dome Clean up the kitchen/loung area Lockup the service building Detailed instructions for the End of the night Detailed instructions Preparing Observations You can do observations using script generated from OBs, custom script and/or manually using command line. With TCS target catalogue you can have all your targets loaded in TCS for manual observations, but if you are using script the catalogue is not needed as the script will automatically add target to TCS. Observing scripts Observing scripts can be generated automatically through the Observing Script Generator or crafted manually. If done through the web, the script will be uploaded and within a few minutes available in **\~ob

[pure.md_https___www.not.iac.es_observing_cookbook_current_Cookbook.php_instrument=ALFOSC.pdf | chunk 130] catalogue can be made well in advance of your observations by using the web interface, NOT Source Catalogue Creation. **Note** that it is also possible to enter targets on-the-fly and create a catalogue directly on the TCS while observing (See section, Loading Target Catalogue). Exposure Time Calculator The Exposure Time Calculator can be used to estimate the required exposure times for ALFOSC, NOTCam, FIES, MOSCA and StanCam (both in imaging and spectroscopy mode, where it is available). Afternoon preparations Overview Turn off the control room webcam Turn on the screens and brightness on the TCS VT510 terminal. Look at the top-left of the TCS screen. If the item ST is incrementing, then the TCS is running, if not - then the TCS needs rebooting (rebooting the TCS should be done under guidance of a staff member). Type refresh if the screen looks strange. Erase old catalogue from TCS, if

[pure.md_https___www.not.iac.es_observing_cookbook_current_Cookbook.php_instrument=ALFOSC.pdf | chunk 117] e online version for the latest update** Table of Contents **Basic instructions** Preparing observations Afternoon preparations Weather precautions Start of the night Skyflats Autoguiding Telescope focus Observing using OB Imaging manually Spectroscopy manually Polarimetry manually End of the night **Detailed instructions** Preparing observations Observing scripts Create a TCS Target Catalogue Exposure Time Calculator Afternoon preparations Overview TCS access code Loading the TCS Target Catalogue Starting the ALFOSC software Obtaining calibration frames Instructions for the Visplot Start of the night Weather precautions Telescope Startup procedure Skyflats Autoguiding Telescope focus Observing using OB Imaging manually Spectroscopy manually Polarimetry manually End of the night Morning skyflats Closing Down Procedure Running automatic morning calibrations Shutdown the ALFOSC obssystem *

[pure.md_https___www.not.iac.es_observing_cookbook_current_Cookbook.php_instrument=ALFOSC.pdf | chunk 118] y Polarimetry manually End of the night Morning skyflats Closing Down Procedure Running automatic morning calibrations Shutdown the ALFOSC obssystem **Troubleshooting** **Appendix** Tables for instrument SettingsAnalyzing data on-the-fly Image analysis 1D spectrum analysis Field rotator Camera probe Data saving and retrieval Compensation for override observations The ALFOSC CCD and its controller Commonly used instrument commands TCS Commonly used TCS commands Tracking of Moving Targets Basic Instructions Preparing observations Plan observations (see Run preparation). Prepare observations blocks, pointing scripts and/or TCS target catalogue. Detailed instructions for the Preparing observations Afternoon preparations Turn off the control room webcam Turn on the screens and brightness from TCS Erase old catalogue, if needed **\[TCS\] erase-catalogue** Upload new catalogue, if necessary (no","{""context_chunk_count"": 5}"
local_rag,local_rag,R1,Describe the process an observer must follow to interactively identify a target for spectroscopy during an Observing Block (OB) execution.,"During the execution of an Observing Block (OB) for spectroscopy, if the target needs to be identified interactively, the observer will typically follow these steps:

1. The OB will instruct the user to identify the target.
2. The observer is prompted to confirm the identification by pressing enter twice after the star is correctly identified.
3. If the confirmation is not made within a certain time frame or if the target is not recognized, the system may allow for repeating the acquisition process.

These steps are part of the broader instructions provided for using the ALFOSC instrument at the Nordic Optical Telescope (NOT), as detailed in the context given.","[www.not.iac.es/observing/forms/obqueue/instructions.html | chunk 24] Quelle: https://www.facebook.com/Nordic.Optical.Telescope/

eads to a page with a detailed description of that particular observing group. The description includes details of the proposal, like PI and Title, a list of other groups belonging to the same proposal, group properties and comments and finally a detailed list of the observing blocks making up this group. The purpose of making comments to the group is to allow for comments concerning the execution of the group as a whole. For instance a reason if not all blocks were observed during the night. Block Properties A link to the OB properties is given both on the Group Properties page and the Block List page. Apart from the OB details, this page lists all the Observing Sequences that makes up the OB. An important aspect of this page is the information provided on the Observing scripts and the option of on-the-fly compilation of scripts. You have the option of making comments on the execution o

[www.not.iac.es/observing/forms/obqueue/instructions.html | chunk 3] Quelle: https://www.facebook.com/Nordic.Optical.Telescope/

equirements (some of which might only be defined in the `comments') for each OB. After having selected a Group of OBs for execution you can look at the details of the OB which will include one or more observing scripts to execute with specific set-ups. The scripts are located under the scripts directory of the observers account, for instance ~obs/scripts/51-009/ and follow the naming convention <groupID>_<blockID>. The entire content of the directory is shown on the OB detail page. If an observing script of a given OB is not present in the directory, it is necessary to compile the script from the information stored in the OB Generator. This is done by pressing the button 'Compile OB' on the OB details page. When an OB has been attempted the status should be changed to ' Completed ' or ` Failed ', depending on if the requirements for execution of the OB were met or not, and you can add an

[pure.md_https___www.not.iac.es_observing_cookbook_current_Cookbook.php_instrument=ALFOSC.pdf | chunk 169] image and ask to identify the target again in the same way. Finally, the OB will take an image of the slit. If the star is there and the acquisition is done correctly, the OB will ask you to press enter TWICE. Otherwise, you can repeat the acquisition. Once these interactions have finished, the observations of the spectra will start here. For other instrument interactions (after confirming guiding) may differ, but there will be always explanation in sequencer.Look more detailed instructions about OB queue from here. Imaging manually For details see the ALFOSC pages. Note, the detector is linear (better than ±1.0%) up to \~550-600 kADUs (full well= 700 kADU/pixel, 135ke-/pixel) and the digital saturation is 2ADU.Typical bias level is about 10 kADU. See more details from the detector page.It is recommended to offset the telescope between the integrations, if possible. Using the dithered im

[www.not.iac.es/observing/forms/ob/login.php.html | chunk 1] Quelle: https://www.facebook.com/Nordic.Optical.Telescope/

-Track and Target-of-Opportunity programs. However, visiting observers are also very welcome to use this tool. By definition, observations are divided in OB-Groups that are associated with a (fast-track or regular) observing proposal. A Group consists of all observations which need to be executed in a single night (e.g., an object and a standard star). Each Group consists of one or more Observing Blocks (OBs) . An OB per definition consists of a telescope pointing to a single object with observations using a single instrument. In its turn an OB consists of one or more Observing Sequence(s) , which define the details of the instrument set-up(s) to be used, and the (one or more) exposure(s) to be made. The first step to proceed is to login to the system. If this is your first visit, you first need to create a new user. Once logged in, help pages are available across the system to aid you i

[www.not.iac.es/observing/forms/ob/login.php.html | chunk None] Quelle: https://www.facebook.com/Nordic.Optical.Telescope/

NOT Observing Block Generator LOGIN User: Password: New user Welcome to the NOT Observing Block Generator. This web interface allows you to completely define a set of observations using any of the instruments available at the NOT. The observation requirements are defined using a simple set of webforms. Each of the forms hold information on a particular aspect of the observations, for instance, target details, observational constraints & instrument setup. Together they make up a complete description of a set of observations at the NOT which can be translated into observing scripts and executed at the telescope. The OB Generator is primarily meant to be used by observers requesting observations to be carried out in service mode, like for Fast-Track and Target-of-Opportunity programs. However, visiting observers are also very welcome to use this tool. By definition, observations are divided","{""context_chunk_count"": 5}"
local_rag,local_rag,R1,"What is the recommended procedure for obtaining twilight sky flats in the evening, including the suggested count levels?","During twilight, you should take the requested number of flat frames in all bands planned to be used that night. The exposure-time algorithm aims for an integration level of 100 kADU with the following constraints:
- Minimum exposure time: 1 second
- Maximum exposure time: 300 seconds
- Minimum count level: 30 kADU
- Maximum count level: 250 kADU

If the sky is dark and the desired counts cannot be reached within 300 seconds, a 300-second flat will still be taken if the expected counts are above the minimum acceptable count level (30 kADU). Conversely, for bright skies, a 1-second flat will be taken if the counts are below the maximum count level of 250 kADU.","[www.not.iac.es/observing/forms/obqueue/instructions.html | chunk 12] Quelle: https://www.facebook.com/Nordic.Optical.Telescope/

flats and biases set rempath to /data/service/calib/ and set remsave+. Remember to take bias frames before the night starts. During twilight remember to take the requested number of flats in all bands that are planned to be used that night. Observe all OBs in one Group the same night. Check the comments in the OB before execution. Execute the Observing Script of the OB. If it does not exist, create it via the 'Compile OB' button. When the observations for an OB have finished: The Status should be set to ' Completed ' if the conditions during the observations (seeing, clouds, etc) met the defined requirements for the OB If the conditions during the observations do not meet the requirements, e.g., the seeing gets worse or clouds moved in, the Status should be set to ' Failed ' In all cases, provide any relevant comments about the observations in the Progress field. When all OBs of an Obse

[www.not.iac.es/observing/seq/new/seq-command.php?i=22.tmp.html | chunk 1] Quelle: https://www.facebook.com/Nordic.Optical.Telescope/

mages are also analysed, and the next exposure time is computed accordingly. The exposure-time algorithm is based on the requirements the minimum exposure time is 1 second the maximal exposure time is 300 seconds the minimum count level is 30 kADU the maximal count level is 250 kADU the aim is 100 kADU When the sky is dark, and the counts aimed-for cannot be reached within 300 seconds, the script will still take a 300s flat if the expected counts are above the minimum acceptable count level (30 kADU). Similarly, for bright sky, a 1-second flat will be taken if the counts will be below the maximal count level of 250 kADU. Does a teloffset after each flat during readout, in a spiraling sequence, with a grid spacing of 15 arcsec. Does not do any instrument setup. Switches on autosave, and leaves it on. Switches on remsave (to /data/service/calib/), and switches it off at exit. Does not alte

[www.not.iac.es/observing/seq/new/docserver.php?i=ALFOSC&t=ANY&u=BASIC&m=IMA&d=LONG.tmp.html | chunk 4] Quelle: https://www.facebook.com/Nordic.Optical.Telescope/

ries the test image after 20 seconds, or exits (depending on morning or evening). Once a real flat-field image is taken, this and any subsequent flat-field images are also analysed, and the next exposure time is computed accordingly. The exposure-time algorithm is based on the requirements the minimum exposure time is 1 second the maximal exposure time is 300 seconds the minimum count level is 30 kADU the maximal count level is 250 kADU the aim is 100 kADU When the sky is dark, and the counts aimed-for cannot be reached within 300 seconds, the script will still take a 300s flat if the expected counts are above the minimum acceptable count level (30 kADU). Similarly, for bright sky, a 1-second flat will be taken if the counts will be below the maximal count level of 250 kADU. Does a teloffset after each flat during readout, in a spiraling sequence, with a grid spacing of 15 arcsec. Does n

[www.not.iac.es/observing/seq/new/docserver.php?i=ALFOSC&t=DET&u=BASIC&m=ANY&d=LONG.tmp.html | chunk 6] Quelle: https://www.facebook.com/Nordic.Optical.Telescope/

m is based on the requirements the minimum exposure time is 1 second the maximal exposure time is 300 seconds the minimum count level is 30 kADU the maximal count level is 250 kADU the aim is 100 kADU When the sky is dark, and the counts aimed-for cannot be reached within 300 seconds, the script will still take a 300s flat if the expected counts are above the minimum acceptable count level (30 kADU). Similarly, for bright sky, a 1-second flat will be taken if the counts will be below the maximal count level of 250 kADU. Does a teloffset after each flat during readout, in a spiraling sequence, with a grid spacing of 15 arcsec. Does not do any instrument setup. Switches on autosave, and leaves it on. Switches on remsave (to /data/service/calib/), and switches it off at exit. Does not alter amplifier settings. Note: polarimetry flats will only work with polwin. If the -f flag is given, for

[www.not.iac.es/observing/forms/obqueue/instructions.html | chunk 10] Quelle: https://www.facebook.com/Nordic.Optical.Telescope/

ith ALFOSC day time flat field and arc spectra should be provided if not specifically request as part of the night time exposures (especially in the red, people will ask for flat fields to be take during the night when the telescope is pointing at their target to be able to correct better for fringing). In principle, a single arc spectrum with the same set-up as used during the night (i.e., the same slit and grism) should be sufficient and a set of at least 5 flat fields should be taken. For the arc spectra some care should be taken with not saturating the arc lines too much (a mildly saturated line is no big problem) and for the flat fields the maximum counts in a flat field should not exceed ~40,000 ADU. In general it is more practical to only obtain these calibration after the observing night when it is clear which precise instrument and CCD settings have been used for the observation","{""context_chunk_count"": 5}"
local_rag,local_rag,R1,"If the teloffset program is run manually from the command line, what four specific arguments must be provided in the command string?","When running the teloffset program manually from the command line, you must provide two specific numerical arguments representing offsets in the X and Y directions on the CCD in arcseconds. The exact command format would look like:

```
alfosc.teloffset <n> <m>
```

Where `<n>` is the offset in the X direction and `<m>` is the offset in the Y direction, both specified in arcseconds.","[output_ocr.pdf | chunk 18] ffset_X; token = strtok(0,"" ,""); if ( token == NULL ) { cgh_double(&d1,""0ffset X size: ""); } else dl = atof (token); teloffset_X = dl; dl = (double)teloffset_Y; token = strtok(0,"" ,""); if ( token == NULL ) { cgh_double(&d1,""0ffset Y size: ""); } else dl = atof (token); teloffset_Y = dl; sprintf (xcbuf ,""4%s/teloffset 161.72.5.7 fd f4.2f %4.2f"", TCS_accesscode, teloffset_X, teloffset_Y); (xcbuf ,FG) ; system_exec } break; comstr.c / line: 74, line added: #define TELOFFSET 98 comstr.c / line: 158, line added: ""teloffset"",TELOFFSET, EERE EERE R ERR RHEE ERR RER ERR RR EERE REE ER RE EEE HEEEEEERRRHEHERREEHE

[www.not.iac.es/observing/seq/new/docserver.php?i=ALFOSC&t=TEL&u=GENERAL&m=POL&d=LONG.tmp.html | chunk 4] Quelle: https://www.facebook.com/Nordic.Optical.Telescope/

teloffset <n> <m> Offsets an object on the CCD <n> arcseconds in X direction, <m> arcseconds in Y direction. TEL In scripts, the syntax alfosc.<command> should be used. If a part of a command is written in <angle brackets> , this is an argument that should be replaced with a value. If a part of a command is written in [square brackets] , this is an optional argument or flag. When available, the optional flag -d will write extended debugging information to the log. When available, the optional flag -e will show the script on standard output instead of executing the commands. When available, the optional flag -t will only make a simulated exposure. Useful for testing scripts. Type definitions: DATA: All commands related to handling/modifying data (editing fits-headers, post-processing etc.). DET: Commands related to operations with the detector. DISP: Commands related to displaying images

[www.not.iac.es/observing/seq/new/docserver.php?i=ALFOSC&t=TEL&u=BASIC&m=POL&d=LONG.tmp.html | chunk 4] Quelle: https://www.facebook.com/Nordic.Optical.Telescope/

teloffset <n> <m> Offsets an object on the CCD <n> arcseconds in X direction, <m> arcseconds in Y direction. TEL In scripts, the syntax alfosc.<command> should be used. If a part of a command is written in <angle brackets> , this is an argument that should be replaced with a value. If a part of a command is written in [square brackets] , this is an optional argument or flag. When available, the optional flag -d will write extended debugging information to the log. When available, the optional flag -e will show the script on standard output instead of executing the commands. When available, the optional flag -t will only make a simulated exposure. Useful for testing scripts. Type definitions: DATA: All commands related to handling/modifying data (editing fits-headers, post-processing etc.). DET: Commands related to operations with the detector. DISP: Commands related to displaying images

[www.not.iac.es/observing/seq/new/docserver.php?i=ALFOSC&t=TEL&u=BASIC&m=IMA&d=LONG.tmp.html | chunk 4] Quelle: https://www.facebook.com/Nordic.Optical.Telescope/

teloffset <n> <m> Offsets an object on the CCD <n> arcseconds in X direction, <m> arcseconds in Y direction. TEL In scripts, the syntax alfosc.<command> should be used. If a part of a command is written in <angle brackets> , this is an argument that should be replaced with a value. If a part of a command is written in [square brackets] , this is an optional argument or flag. When available, the optional flag -d will write extended debugging information to the log. When available, the optional flag -e will show the script on standard output instead of executing the commands. When available, the optional flag -t will only make a simulated exposure. Useful for testing scripts. Type definitions: DATA: All commands related to handling/modifying data (editing fits-headers, post-processing etc.). DET: Commands related to operations with the detector. DISP: Commands related to displaying images

[www.not.iac.es/observing/seq/new/docserver.php?i=ALFOSC&t=TEL&u=GENERAL&m=IMA&d=LONG.tmp.html | chunk 4] Quelle: https://www.facebook.com/Nordic.Optical.Telescope/

teloffset <n> <m> Offsets an object on the CCD <n> arcseconds in X direction, <m> arcseconds in Y direction. TEL In scripts, the syntax alfosc.<command> should be used. If a part of a command is written in <angle brackets> , this is an argument that should be replaced with a value. If a part of a command is written in [square brackets] , this is an optional argument or flag. When available, the optional flag -d will write extended debugging information to the log. When available, the optional flag -e will show the script on standard output instead of executing the commands. When available, the optional flag -t will only make a simulated exposure. Useful for testing scripts. Type definitions: DATA: All commands related to handling/modifying data (editing fits-headers, post-processing etc.). DET: Commands related to operations with the detector. DISP: Commands related to displaying images","{""context_chunk_count"": 5}"
local_rag,local_rag,R1,Under what specific weather conditions (wind speed and humidity) must the telescope be closed immediately?,The telescope must be closed if the wind speed reaches 20 m/s or if the humidity is above 90%. These conditions require immediate closure of the telescope to prevent potential damage.,"[www.not.iac.es/observing/guide/faq.html | chunk 2] Quelle: https://www.facebook.com/Nordic.Optical.Telescope/

lding and in the control room on the wall besides the door to the electronics room Residencia night porter In case of an emergency you can call him(ext. 500), and he will be at the telescope shortly. Usually he drives by the telescope a couple of times per night Observing Closure limits The telescope closes down, if the humidity is above 90%. It must be below 90% for 20 minutes, before the telescope again can be opened. If there is no dust in the air, you should close the lower hatch and the side-ports if the wind speed reaches 12 m/s. Only observe downwind if the wind speed reaches 15 m/s. Close the telescope if the wind speed reaches 20 m/s. If there is dust in the air, the lower hatch and the side-ports should be closed at 10 m/s and the telescope closed at 12 m/s. These limits can be violated for four minutes after which the telescope will shut down automatically. If the lower hatch

[www.not.iac.es/observing/guide/index.html | chunk 20] Quelle: https://www.facebook.com/Nordic.Optical.Telescope/

troduction, you will be told the weather conditions under which you must actively protect the telescope from possible damage. These include wind speed, humidity and dust limits for closing the side ports, observing downwind, and closing up the telescope. The telescope control system includes a facility for automatically forcing the telescope to point downwind, or close the dome if these parameters are exceeded for a significant amount of time. There is some leeway here so that you may, for example, complete a particularly important exposure before abiding by the closedown rules. However, if you wait too long, you will be overridden anyway, and the night logs will show that an automatic override was instigated. It is rare that observers are found to abuse the telescope in this manner and we do not mean to be draconian with these automatic measures. However, we are proud and protective of

[pure.md_https___www.not.iac.es_observing_cookbook_current_Cookbook.php_instrument=ALFOSC.pdf | chunk 144] can be compiled for that OB. Telescope Startup Procedure **Return to the dome at least 30 minutes before twilight and follow the instructions below.** Weather precautions Humidity Wind Dusty Wind Temperature **\> 90% - Close telescope**After 20min < 90% the telescope can be reopened. 12 m/s - Close sideports and lower hatch 10 m/s - Close sideports and lower hatch If the humidity is > 90% and the temperature is < 0° C close telescope and do not open until all ice has melted on the outside of the dome. 15 m/s - Observe down wind: at least 85 degrees in AZ away from wind **12 m/s - Close telescope** **20 m/s - Close telescope** Telescope Control System (TCS) Turn up the brightness of the TCS screen (on right-hand side, below the screen). Look at the top-left of the TCS screen. If the item **ST** isincrementing, then the TCS is running, if not - then the TCS needs rebooting (rebooting the T

[pure.md_https___www.not.iac.es_observing_cookbook_current_Cookbook.php_instrument=ALFOSC.pdf | chunk 119] m webcam Turn on the screens and brightness from TCS Erase old catalogue, if needed **\[TCS\] erase-catalogue** Upload new catalogue, if necessary (not needed if using OB's) Start observing systems which you will use Take necessary calibration images Make a schedule for the night to the Visplot.Detailed instructions for the Afternoon preparations Weather precautions Humidity Wind Dusty Wind Temperature **\> 90% - Close telescope**After 20min < 90% the telescope can be reopened. 12 m/s - Close sideports and lower hatch 10 m/s - Close sideports and lower hatch If the humidity is > 90% and the temperature is < 0° C close telescope and do not open until all ice has melted on the outside of the dome. 15 m/s - Observe down wind: at least 85 degrees in AZ away from wind **12 m/s - Close telescope** **20 m/s - Close telescope** Start of the night Reset the safety system **\[TCS\] power-on**, aft

[pure.md_https___www.not.iac.es_observing_cookbook_current_Cookbook.php_instrument=ALFOSC.pdf | chunk 120] es in AZ away from wind **12 m/s - Close telescope** **20 m/s - Close telescope** Start of the night Reset the safety system **\[TCS\] power-on**, after dinner If opening before sunset, turn away from sun**\[TCS\] goto Blankxx+xx** or **\[TCS\] building-hoist- position** **\[TCS\] open-upper-hatch**, around hour before sunset, if weather allows **\ [TCS\] open-lower-hatch**, around hour before sunset, weather allows **\[TCS\] open-side- ports-fully**, if before sunset, leave ports towards sun closed **\[TCS\] open-mirror- covers**, at sunset when starting flats or for narrow filters 1-2 degree before Detailed instructions for the Start of the night Sky flats If not already done, start with **\ [obs@selena\]\[ALFOSC\]$ setup-tel-alfosc** Point to blank field away from sun **\[TCS\] goto BlankXX-XX** Choose correct filter and adjust focus (start from narrowest and bluest. For morning flats","{""context_chunk_count"": 5}"
local_rag,local_rag,R1,What is the maximum tracking speed limit currently being tested for rapidly moving targets at the NOT?,"The context mentions that the software speed limit has been increased to more than 5000""/s for very fast tracking without autoguiding, which is currently under testing.","[pure.md_https___www.not.iac.es_observing_cookbook_current_Cookbook.php_instrument=ALFOSC.pdf | chunk 218] s in practice on the target speed and how long the observations take. We have been working with speeds as high as 700""/hour with auto-guiding. For targets faster than 1000""/hour we recommend blind tracking with updating of differential rates to the TCS (currently under testing).Since September 2019 the OB generator allows for non-sidereal tracking. The differential rates are given in the FITS headers in the keywords DTRCK\_RA and DTRCK\_DE. Differential tracking with auto-guiding In this mode, the telescope tracking is set to the differential rates, and in addition, the auto-guider is used with the star-box set in motion with the same rates. This works for as long as the box stays within the auto- guider TV-screen (approximately 70"" field). When the limit is reached, auto-guiding is no longer working. It is possible to reposition the star-box and guide probe without affecting the telesco

[pure.md_https___www.not.iac.es_observing_cookbook_current_Cookbook.php_instrument=ALFOSC.pdf | chunk 230] For more rapidly moving targets, use the **set-rate** command on the TCS to continuously move the telescope from a pre-calculated change in position. RA-rate and DEC-rate as above. In this mode auto-guiding is not used. We are also upgrading the possibilities for very fast tracking (without autoguiding), and the software speed limit has been increased from 17""/s to more than 5000""/s. Observations were made of fast satellites where the RA/DEC rates were updated every second. Preset to your object. Set the rate of change by **set-rate RA-rate DEC-rate** (rate in arcsec per hour). The maximum differential rate is 20 000 0000 arcsec/hour (≈ 5500 arcsec/s). Make the exposure. Reset by typing **set- rate 0 0** on the TCS. For Experts Only If the target has an unknown or rapidly changing motion, you might want to adjust the rate of change in RA and DEC while tracking. Use the **set-rate** comm

[pure.md_https___www.not.iac.es_observing_cookbook_current_Cookbook.php_instrument=ALFOSC.pdf | chunk 217] lects the guide TV filter where _name_ can be either closed, grey, open, red, yellow or blue **tv-foc _pos_** Changes the guide TV focus to position _pos_ **append-object _string_** appends an object to the TCS catalog **goto- object _Object_** moves telescope to ""Object"" **find-object** selects an object in the TCS catalog **preset-with-parallactic-angle-to-selected** moves telescope to the selected object, with parallactic angle _For more commands, view the TCS SEQUENCER Command Reference._ Tracking of Moving Targets At the NOT there are two main modes of tracking a moving object (planet, comet, asteroid, satellite): 1) differential tracking with auto- guiding and 2) differential tracking withoutauto-guiding. Which of these to use, depends in practice on the target speed and how long the observations take. We have been working with speeds as high as 700""/hour with auto-guiding. For tar

[www.not.iac.es/observing/seq/tcs-seq-scripts.html | chunk 11] Quelle: https://www.facebook.com/Nordic.Optical.Telescope/

"" orients the slit along the tracking direction of the target option ""optimal-ll"" orients the field to maximize the number of guide-probe repositions option ""optimal-lr"" 180 degrees rotatated to above, both recommended for fast targets or long observations -r default tracking rate is ""full"" option ""half"" gives the half-rates of the differential tracking (sometimes requested) -n \""target name\"" is mandatory (if it contains a space, use escape double quotes) Currently, the result is output on the screen in the form of the NOT sequencer commands needed in order to point to this target (now!) and set up the telescope for differential tracking and guiding, for instance: tcs.append-object 2017_TC1-xxxx 20 02 53.11 +27 52 40.6 2000.0 0.0 0.0 20.06 tcs.ag-off tcs.guide-object 2017_TC1-xxxx tcs.reposition-guide-probe -750.856 -353.934 Note that you can alternatively use guide-object -f field-rota

[pure.md_https___www.not.iac.es_observing_cookbook_current_Cookbook.php_instrument=ALFOSC.pdf | chunk 229] *\*\*\*\*\*\*\*\*\*\*\*\*\*\*\*\*\*\*\*\*\*\*\*\*\*\*\*\*| 7451 KB 00:00 THIS STEP IS UNDER TESTING. The telescope resets to the sidereal tracking rates at every new telescope preset/pointing so nothing is needed at the end of the observation. However, for your information, you may stop the differential guiding by **tcs.box-motion-stop** (or in short on the TCS UIF **b-m-sto**). This does not reset the telescope tracking rates, and if you wish to stop the differential tracking, going back to normal tracking rates, then on the TCS UIF type **set-rate 0 0**. Tracking without auto-guiding. Rapidly Moving Targets The upgraded **tcs.asteph** allows for this! with or without updating of the rates. See above. Below are old manual TCS instructions. For more rapidly moving targets, use the **set-rate** command on the TCS to continuously move the telescope from a pre-calculated change in position.","{""context_chunk_count"": 5}"
local_rag,local_rag,R1,"In the slit-offset program, what are the coordinate limits for the Guideprobe X and Y positions that would trigger an ""outside limits"" error?","The context provided does not specify exact coordinate limits for the Guideprobe X and Y positions that would trigger an ""outside limits"" error. It mentions adding an error message when both X and Y are outside limits, but the specific limit values are not given.","[alfosc_slit_off_ocr.pdf | chunk 4] following things have been changed e The check of the guideprobe limits have been moved so that the check is being performed before any telescope or guideprobe movements. e Error message when both X and Y is outside limits have been added. e Selection of pixel scale and field offset value based on the CCD number. Now the program can be used for FIES object aquisition with Stancam. Chapter 3 Compilation Change directory (command cd) to /home/software/rpc/slitoffset.The directory should contain the files e slit-offset.c e Makefile e slitpos.def A number of other files are needed to be linked with SLIT-OFFSET and these should be located in a known directory before proceeding. The files needed are e hostintf{5.0, hostintf{5_clnt.o, hostintf£5_xdr.o e gettcsd.h Edit the makefile to make RDIR point to the directory containing above files. Type make slit-offset.The directory will now also conta

[alfosc_slit_off_ocr.pdf | chunk 11] connection to TCS. : Telescope is not being autoguided. : Guideprobe movement will result in X and ¥ value out of range. : Guideprobe movement will result in X value out of range. : Guideprobe movement will result in Y value out of range. : Timed out. 15/2 2000: Added selection of pixel scale and field offset value based on the CCD number. + / #define DEBUG TRUE #define TIMEOUT 20 FETS T IS TST ILI I TS SPL TEP EP TEP PTT EE PEEP PE PTE rr rt es ee (void) void get_current_slit { 10 CHAPTER 7. PROGRAM LISTING. } FETICLOCSCSCLOSOCOC SOOOCOOOL OTOSOSCLOS OOO S OL O CSCS OEE TEE ECE ESTE eT ee eS a void read_slit_position(int pos, double *x, double *y) { char str[i28]; FILE *f1; char *token; char *token_id; strcepy(str,""slitpos.def""); if ( (f1 = fopen(str,""r"") ) == NULL) { fprintf(stderr ,""Error opening %s\n"",str); return; } while ( fgets(str,128,f1) != HULL ) f{ token = strtok(str,"" \n""); i

[alfosc_slit_off_ocr.pdf | chunk 5] dr.o e gettcsd.h Edit the makefile to make RDIR point to the directory containing above files. Type make slit-offset.The directory will now also contain the file e slit-offset The compilationis completed. Chapter 4 Installation Copy the file slit-offset to the /usr/local/bin directory. The BIAS program expect to find slit-offset in this directory. Edit the file slitpos.def to contain the correct slit X/Y positions and copy the file to the directory from where the startba command is given. Currently “obsi/alfosc or ~obs2/alfosc and ~obsi/stancam or ~obs2/stancam for use with FIES/Stancam. Chapter 5 Usage The normal usage of SLIT-OFFSET is hidden internally in BIAS. BIAS makes a system call (system(3)) to call SLIT-OFFSET. In the following, the procedure for placing an object on the slit is described. This is done from within BIAS. Make an image of the object which should be offset to the

[alfosc_slit_off_ocr.pdf | chunk 10] RotationDelta MoveRADelta MoveDECDelta AutoGuideDff AutoGuideOn MoveGuideprobeDeltaxX MoveGuideprobeDeltaY MoveGuideprobeX; MoveGuideprobeY; Usage: offset IP-number accesscode star-x-position star-y-position slit-number CCD-number IP-number: IP address of the TCS computer. accesscode: Required accesscode. star-x-position: X position of the star to be positioned. star-y-position: Y position of the star to be positioned. slit-number: Humber of the slit used (’1’ is the slit in the first line of the ALFOSC slit definition file ""slit.def""). CCD-number: Humber of the CCD used for aquisition (because the scale is different). Can be one of 1 (Stancam), 4 (HiRAC), 7 CALFOSC) Return values: : Normal termination (all ok). “1: Unable to establish RPC connection to TCS. : Telescope is not being autoguided. : Guideprobe movement will result in X and ¥ value out of range. : Guideprobe movement will re

[output_ocr.pdf | chunk 7] ng to the success of the exe- cution. A number of things can go wrong, and the easiest way to report it back to the caller is by using the exit status. The following values will (can) be returned CHAPTER 4. USAGE e 0) Normal termination (all ok). e -l Unable to establish RPC connection to TCS. e -? Telescope is not being autoguided. e -3 Guideprobe movement will result in X and Y value out of range. e -4 Guideprobe movement will result in X value out of range. e -5 Guideprobe movement will result in Y value out of range. Chapter 5 Bugs The offsets might be inaccurate due to errors in the determination of the scale of the guideprobe. This should not affect the usage of this program. Chapter 6 Program listing. 6.1 Main program. #include <stdio.h> #include <math.h> #include ""/software/rpc/hostintf2/gettcs2.h"" /* Functions used: FieldRotationDelta MoveRADelta MoveDECDelta AutoGuideDff AutoGu","{""context_chunk_count"": 5}"
local_rag,local_rag,R1,"According to the ALFOSC Cookbook, why should the TV focus not be adjusted while placing an object on a slit?","The context provided does not contain specific information about why the TV focus should not be adjusted while placing an object on a slit. The instructions focus on how to place an object on the slit using BIAS and checking its position, but do not mention any restrictions regarding adjusting the TV focus. Therefore, based solely on the given context, I cannot provide a reason for this restriction as it is not addressed in the documents.","[alfosc_slit_off_ocr.pdf | chunk 6] he procedure for placing an object on the slit is described. This is done from within BIAS. Make an image of the object which should be offset to the slit. Type imexa and place the cursor on the object which should be placed on the slit. Press t or y. You will be asked to enter the slit number. Do so. Slit number | (one) is the slit selected by pressing the top button in the ALFOSC user interface / slit selection. Wait for the message Look at the guidestar monitor, and wait for the guidestar to be centered in the box. Check the guidestar. Press ’q’ to get out of imexamine. Make an image thrugh the slit to check that the object is on the slit. The t will return the actual x,y position of the cursor. Use y to return the centroid of a Gauss fit of the object close to the cursor position. Be aware of that prior to this procedure, the apropriate field rotation should be set. A suitable guides

[www.not.iac.es/observing/seq/new/docserver.php?i=ALFOSC&t=TEL&u=BASIC&m=SPEC&d=LONG.tmp.html | chunk 2] Quelle: https://www.facebook.com/Nordic.Optical.Telescope/

sitioned, and does not move any of the filter wheels for in case a (blocking-)filter has to be in the beam (which should be put in the beam before starting alfosc.acquisition). Exception: if a filter-wheel (cross-disperser) grism is in the beam, the filter wheel will be put to OPEN. Moves the calibration mirror out of the beam. Moves the FAPOL carriage in/out when necesary. Moves to the default internal focus for normal and specpol setups. Executes alfosc.focus-offset before the first acquisition image is taken, unless command-line flag -nofo is given. Exits with full-frame unbinned CCD settings, and autosave_on. Note: the slit specifier should be a unique string. A list of optical elements can be found here . Usage example: alfosc.acquisition -c -q Slit_1.0 2 Makes acquisition with 2s exposure time, using horizontal 1.0"" slit, shows check-image of the star and the slit and queries user

[www.not.iac.es/observing/seq/new/docserver.php?i=ALFOSC&t=TEL&u=GENERAL&m=SPEC&d=LONG.tmp.html | chunk 2] Quelle: https://www.facebook.com/Nordic.Optical.Telescope/

sitioned, and does not move any of the filter wheels for in case a (blocking-)filter has to be in the beam (which should be put in the beam before starting alfosc.acquisition). Exception: if a filter-wheel (cross-disperser) grism is in the beam, the filter wheel will be put to OPEN. Moves the calibration mirror out of the beam. Moves the FAPOL carriage in/out when necesary. Moves to the default internal focus for normal and specpol setups. Executes alfosc.focus-offset before the first acquisition image is taken, unless command-line flag -nofo is given. Exits with full-frame unbinned CCD settings, and autosave_on. Note: the slit specifier should be a unique string. A list of optical elements can be found here . Usage example: alfosc.acquisition -c -q Slit_1.0 2 Makes acquisition with 2s exposure time, using horizontal 1.0"" slit, shows check-image of the star and the slit and queries user

[www.not.iac.es/observing/seq/new/docserver.php?i=ALFOSC&t=TEL&u=BASIC&m=ANY&d=LONG.tmp.html | chunk 2] Quelle: https://www.facebook.com/Nordic.Optical.Telescope/

sitioned, and does not move any of the filter wheels for in case a (blocking-)filter has to be in the beam (which should be put in the beam before starting alfosc.acquisition). Exception: if a filter-wheel (cross-disperser) grism is in the beam, the filter wheel will be put to OPEN. Moves the calibration mirror out of the beam. Moves the FAPOL carriage in/out when necesary. Moves to the default internal focus for normal and specpol setups. Executes alfosc.focus-offset before the first acquisition image is taken, unless command-line flag -nofo is given. Exits with full-frame unbinned CCD settings, and autosave_on. Note: the slit specifier should be a unique string. A list of optical elements can be found here . Usage example: alfosc.acquisition -c -q Slit_1.0 2 Makes acquisition with 2s exposure time, using horizontal 1.0"" slit, shows check-image of the star and the slit and queries user

[www.not.iac.es/observing/seq/new/docserver.php?i=ALFOSC&t=TEL&u=GENERAL&m=ANY&d=LONG.tmp.html | chunk 2] Quelle: https://www.facebook.com/Nordic.Optical.Telescope/

sitioned, and does not move any of the filter wheels for in case a (blocking-)filter has to be in the beam (which should be put in the beam before starting alfosc.acquisition). Exception: if a filter-wheel (cross-disperser) grism is in the beam, the filter wheel will be put to OPEN. Moves the calibration mirror out of the beam. Moves the FAPOL carriage in/out when necesary. Moves to the default internal focus for normal and specpol setups. Executes alfosc.focus-offset before the first acquisition image is taken, unless command-line flag -nofo is given. Exits with full-frame unbinned CCD settings, and autosave_on. Note: the slit specifier should be a unique string. A list of optical elements can be found here . Usage example: alfosc.acquisition -c -q Slit_1.0 2 Makes acquisition with 2s exposure time, using horizontal 1.0"" slit, shows check-image of the star and the slit and queries user","{""context_chunk_count"": 5}"
local_rag,local_rag,R1,"If an observer encounters a ""building crash,"" what resource does the documentation point to for recovery instructions?","The provided context does not mention any specific instruction or resource for handling a ""building crash."" The context mainly covers end-of-night procedures such as turning off monitors, locking up the dome and service building, and completing reports. Therefore, based on the given information, there is no direct reference to recovery instructions for a ""building crash.""","[pure.md_https___www.not.iac.es_observing_cookbook_current_Cookbook.php_instrument=ALFOSC.pdf | chunk 117] e online version for the latest update** Table of Contents **Basic instructions** Preparing observations Afternoon preparations Weather precautions Start of the night Skyflats Autoguiding Telescope focus Observing using OB Imaging manually Spectroscopy manually Polarimetry manually End of the night **Detailed instructions** Preparing observations Observing scripts Create a TCS Target Catalogue Exposure Time Calculator Afternoon preparations Overview TCS access code Loading the TCS Target Catalogue Starting the ALFOSC software Obtaining calibration frames Instructions for the Visplot Start of the night Weather precautions Telescope Startup procedure Skyflats Autoguiding Telescope focus Observing using OB Imaging manually Spectroscopy manually Polarimetry manually End of the night Morning skyflats Closing Down Procedure Running automatic morning calibrations Shutdown the ALFOSC obssystem *

[www.not.iac.es/observing/forms/obqueue/instructions.html | chunk 24] Quelle: https://www.facebook.com/Nordic.Optical.Telescope/

eads to a page with a detailed description of that particular observing group. The description includes details of the proposal, like PI and Title, a list of other groups belonging to the same proposal, group properties and comments and finally a detailed list of the observing blocks making up this group. The purpose of making comments to the group is to allow for comments concerning the execution of the group as a whole. For instance a reason if not all blocks were observed during the night. Block Properties A link to the OB properties is given both on the Group Properties page and the Block List page. Apart from the OB details, this page lists all the Observing Sequences that makes up the OB. An important aspect of this page is the information provided on the Observing scripts and the option of on-the-fly compilation of scripts. You have the option of making comments on the execution o

[pure.md_https___www.not.iac.es_observing_cookbook_current_Cookbook.php_instrument=ALFOSC.pdf | chunk 186] dome TV camera monitor. **Turn on the control room webcam and the dome webcams**. Make sure that the webcams in the control room as well as in the dome are turned on before you leave. **Complete the WWW report forms**. Fill in and submit Internet NOT End-of-Night Report. Be sure to include any faults that occurred and submit a fault report, so we can attend to problems promptly. If it is the last night of the observing run, also fill in and submit Internet NOT End-of-Run Report. **Lockup the dome**. Lock the outer dome door when you leave the building. **Clean up the kitchen/lounge area** in the service building and switch off all lights when you leave. **Lockup the outer door in the service building** before leaving for the Residencia. Running automatic morning calibrations ALFOSC has an automated script that takes biases and spectral flats and arcs for all setups and windows used durin

[www.not.iac.es/observing/forms/obqueue/instructions.html | chunk 14] Quelle: https://www.facebook.com/Nordic.Optical.Telescope/

requirements for execution of the OB were met or not, and you can add any comments under `Progress' (e.g., if anything special occurred during the execution of the observations). Also comments can be added for a Group (by clicking on the name of a Group), e.g., when only part of a Group could be executed because the weather changed. Please note that these comments are (the only thing) sent to the PIs of the proposal so try to be as clear as possible. Every day the system's OB-janitor will check the data base and look for OBs that have been attempted. If all the OBs in a Group are ' Completed ' the Group will be closed and the PI notified. If only part of the OBs in a Group have been executed all the OBs will be reset to 'Active' as the Group is considered not to be completed successfully. The PI is still notified as s/he might find the data still of some use. Note that this implies that

[pure.md_https___www.not.iac.es_observing_cookbook_current_Cookbook.php_instrument=ALFOSC.pdf | chunk 128] NCxxxx** where xxxx refer to the file prefix for the night. Turn down TCS screen brightness Turn off monitors (NO TCS) Turn on the control room webcam Complete the www report forms Turn off lights Lockup the dome Clean up the kitchen/loung area Lockup the service building Detailed instructions for the End of the night Detailed instructions Preparing Observations You can do observations using script generated from OBs, custom script and/or manually using command line. With TCS target catalogue you can have all your targets loaded in TCS for manual observations, but if you are using script the catalogue is not needed as the script will automatically add target to TCS. Observing scripts Observing scripts can be generated automatically through the Observing Script Generator or crafted manually. If done through the web, the script will be uploaded and within a few minutes available in **\~ob","{""context_chunk_count"": 5}"
local_rag,local_rag,R1,The teloffset documentation notes a potential bug regarding offset accuracy; what is the suspected cause of this inaccuracy?,"The provided context does not contain any specific information about a bug related to offset accuracy or its suspected cause. Therefore, I cannot provide an answer based on the given documents.","[output_ocr.pdf | chunk 6] e north and 10 asec to the west, but with other fieldrotations the notion of north and west is lost and up and left are more natural). This command can also be used in BIAS batch runs together with all the other BIAS commands. The program can also be executed manually from the commandline, but this is normally intended for testing. The full usage of the program is @® teloffset [P-number accesscode X-offset Y-offset .where IP-number is the IP number of the TCS computer, accesscode is the currently valid TCS accesscode (command sh 84 on TCS), X-offset is the amount to offset is the CCD X direction, Y-offset is the amount to offset in the CCD Y direction. Example: teloffset 161.72.5.7 325911657 10 -10 The program returns an exit status according to the success of the exe- cution. A number of things can go wrong, and the easiest way to report it back to the caller is by using the exit status

[output_ocr.pdf | chunk None] Documentation on TELOFFSET (Mosaic (telescope offset) program for use with ALFOSC). Version 0.1 Jacob Wang Clasen Nordic Optical Telescope October 19, 1997 Contents 1 Description 2 2 Compilation 4 3 Installation 5 4 Usage 6 5 Bugs 8 6 Program listing. 9 6.1 Main program. . 2... 2... 0.00.02 ee ee 9 6.2 Makefile... 2...ee 12 6.3 Code inserted into BIAS... .....0.0.....0....004. 12 Chapter 1 Description The purpose of this program (TELOFFSET) is to provide a command to off- set the telescope. This command is made available from the CCD control program BIAS. With this program it is possible to make mosaics of images as well as small offsets between individual exposures. It’s usage in combination with the CCD aquisition program (BIAS) works via anew command: teloffset. This command asks the user for the offset size in the cardinal directions of the CCD’s rows and columns. Then the TELOFFSET

[output_ocr.pdf | chunk 1] anew command: teloffset. This command asks the user for the offset size in the cardinal directions of the CCD’s rows and columns. Then the TELOFFSET program is called with these parameters. It is not possible to perform other actions within BIAS while TELOFFSET is executing. TELOFFSET is called with the following parameters (also see ‘usage’) e [P-number The IP number of the TCS/VME computer. e Accesscode The current accesscode for communicating with the TCS. e X movement The amount to move the telescope in the CCD pixel X direction. e Y movement The amount to move the telescope in the CCD pixel Y direction. The program now takes action as follows e Makes a connection to the RPC server specified in argument ’[P-number’. If this does not succeed, the program returns the exit status -2. e Gets the current field rotation from the telescope and checks if the telescope is being autoguided. e

[www.not.iac.es/observing/seq/new/seq-command.php?i=83.tmp.html | chunk None] Quelle: https://www.facebook.com/Nordic.Optical.Telescope/

System alfosc Command teloffset Arguments <n> <m> Type TEL Short Description Offsets an object on the CCD <n> arcseconds in X direction, <m> arcseconds in Y direction. Long Description Offsets an object on the CCD <n> arcseconds in X direction, <m> arcseconds in Y direction. Depends On Used In alfosc.dither alfosc.easyflat alfosc.alfosc.remote-slitoff alfosc.slitoff Last Update 0000-00-00 00:00:00 Author JC Back to top Last modified: November 28 2023

[www.not.iac.es/observing/seq/new/docserver.php?i=ALFOSC&t=DET&u=BASIC&m=ANY&d=LONG.tmp.html | chunk 6] Quelle: https://www.facebook.com/Nordic.Optical.Telescope/

m is based on the requirements the minimum exposure time is 1 second the maximal exposure time is 300 seconds the minimum count level is 30 kADU the maximal count level is 250 kADU the aim is 100 kADU When the sky is dark, and the counts aimed-for cannot be reached within 300 seconds, the script will still take a 300s flat if the expected counts are above the minimum acceptable count level (30 kADU). Similarly, for bright sky, a 1-second flat will be taken if the counts will be below the maximal count level of 250 kADU. Does a teloffset after each flat during readout, in a spiraling sequence, with a grid spacing of 15 arcsec. Does not do any instrument setup. Switches on autosave, and leaves it on. Switches on remsave (to /data/service/calib/), and switches it off at exit. Does not alter amplifier settings. Note: polarimetry flats will only work with polwin. If the -f flag is given, for","{""context_chunk_count"": 5}"
local_rag,local_rag,R1,What should an observer do if the ALFOSC UIF fails to start with an error message?,"If the ALFOSC UIF does not start with an error ""The ALFOSC UIF did not start. Restart the observing system."" you should:
1. Power cycle the motor controller and try again.
2. Check that the network cables are connected and try again.","[pure.md_https___www.not.iac.es_observing_cookbook_current_Cookbook.php_instrument=ALFOSC.pdf | chunk 194] g the night, then fill in a Fault Report. Troubleshooting ALFOSC **Or, if you have ...** **... ALFOSC UIF does not start with an error ""The ALFOSC UIF did not start. Restart the observing system."":** Power cycle the motor controller and try again Check that the network cables are connected and try again **... FAPOL retarder plate is out of beam, going red, although FAPOL was already out ""Timed out waiting for FAPOL carriage to arrive at position Out"":** Initialize the polarization unit. If this fails try toRestart obssys. If this fails try toPower cycle FASU controller and restart obssys **... problems with the ALFOSC CCD3com data-acquisition system, i.e. any Sequencer command related to the CCD system:** see the list of known problems and their suggested solution . If you encounter a fault or a problem with the instrument, the computers or the telescopeduring the night, then fill in a F

[pure.md_https___www.not.iac.es_observing_cookbook_current_Cookbook.php_instrument=ALFOSC.pdf | chunk 137] directory** to the one assigned to your program, for instance \ [obs@selena\]\[ALFOSC\]$ cd \~/scripts/38-053 as in this directory your ALFOSC observing scripts can be found, created, and executed. In an ALFOSC SEQUENCER window **set the OBSERVER FITS header** to hold the name of the actual observer(s): \[obs@selena\]\ [ALFOSC\]$ observer ""Your Name"" This will remove the **RED** ""no-observer-specified"" alert in the small ""ALFOSC Run Selector"" window, and will show the new value of the OBSERVER FITS header nicely in **GREEN** instead. In the Talker you will find information about the correct start of the different software components or a corresponding error. If any errors about a program not starting are seen, please shut down the observing system and start it again. Use and enjoy the Sequencer. Click (twice) on the ScreenShot below to zoom in. On the right there is screenshot on the NOT

[pure.md_https___www.not.iac.es_observing_cookbook_current_Cookbook.php_instrument=ALFOSC.pdf | chunk 188] running FIES commands in ALFOSC sequencer you need ""fies."" prefix (and other way around ""alfosc."" prefix in FIES sequencer). Above format will work in both ALFOSC and FIES sequencers. **Note:** If the command fails, the staff will be alerted by e-mail. Shutdown the ALFOSC observing system **Important:** Please leve the observing system open and running when you leave the telescope in the morning. This allows staff at sea-level to use it remotely for testing and diagnostics during the day.The following procedure stops the ALFOSC observing system: In a terminal (not a sequencer) window type \ [obs@selena \~\]$ shutdownobssys alfosc Wait for all the control programs to close. Close remaining windows manually. Troubleshooting **If you have ...** **... cannot reset the safety system:** proseed as described at how to reset the safety system in a case of problems. **... no light on the CCD** \-

[www.not.iac.es/observing/seq/new/docserver.php?i=ALFOSC&t=INST&u=STAFF&m=SPEC&d=LONG.tmp.html | chunk 1] Quelle: https://www.facebook.com/Nordic.Optical.Telescope/

any error is detected it will be corrected where possible but, in any case, you'll be informed of the success (or not) for this operation. The default editor is emacs If called with the '-test' string, the program will just analyze the file, without launching the editor first. If called with the '-h' option, the program will just print a usage message. INST alfosc read_alfosc_setup The command instructs the ALFOSC instrument user interface (UIF) to re-read the setup information. The corresponds to pressing the ""read setup"" button in the UIF. INST alfosc setacquisition <auto|man> The command sets the ALFOSC acquisition mode: manual or auto. Manual is the normal interactive ALFOSC acquisition and the default when (re)starting the observing system. Automatic requires no user interaction and works by WCS solving the acquisition image and offsets the telescope to place the target as defined

[www.not.iac.es/observing/seq/new/docserver.php?i=ALFOSC&t=INST&u=STAFF&m=ANY&d=LONG.tmp.html | chunk 1] Quelle: https://www.facebook.com/Nordic.Optical.Telescope/

any error is detected it will be corrected where possible but, in any case, you'll be informed of the success (or not) for this operation. The default editor is emacs If called with the '-test' string, the program will just analyze the file, without launching the editor first. If called with the '-h' option, the program will just print a usage message. INST alfosc read_alfosc_setup The command instructs the ALFOSC instrument user interface (UIF) to re-read the setup information. The corresponds to pressing the ""read setup"" button in the UIF. INST alfosc setacquisition <auto|man> The command sets the ALFOSC acquisition mode: manual or auto. Manual is the normal interactive ALFOSC acquisition and the default when (re)starting the observing system. Automatic requires no user interaction and works by WCS solving the acquisition image and offsets the telescope to place the target as defined","{""context_chunk_count"": 5}"
local_rag,local_rag,R1,"If the slit-offset program returns an exit status of -6, what does this indicate happened during communication with the TCS?",An exit status of -6 indicates that there was a timeout in talking to the TCS (Telescope Control System) during communication. This can be found in the context provided under potential error codes and their meanings.,"[output_ocr.pdf | chunk 6] e north and 10 asec to the west, but with other fieldrotations the notion of north and west is lost and up and left are more natural). This command can also be used in BIAS batch runs together with all the other BIAS commands. The program can also be executed manually from the commandline, but this is normally intended for testing. The full usage of the program is @® teloffset [P-number accesscode X-offset Y-offset .where IP-number is the IP number of the TCS computer, accesscode is the currently valid TCS accesscode (command sh 84 on TCS), X-offset is the amount to offset is the CCD X direction, Y-offset is the amount to offset in the CCD Y direction. Example: teloffset 161.72.5.7 325911657 10 -10 The program returns an exit status according to the success of the exe- cution. A number of things can go wrong, and the easiest way to report it back to the caller is by using the exit status

[alfosc_slit_off_ocr.pdf | chunk 25] range.\n""); case -5: fprintf(stderr ,""Guideprobe is out of Y range.\n""); case -6: fprintf(stderr ,""Timed out in talking to TCS.\n""); } */ start_timer_real (INTERRUPT) ; } FETITSSCLCSCLCCSOCOCSCOSOSCOCL OOO SOOCLOSOL ESOL OLS ESE EL TEE PELE SELES ETE Eee eT Le et a (void) void offset_to_slit_gauss { char *str[60]; unsigned short int abuf[10202]; int slit_no = 1; int returnval, tmp = 1; /* tmp: Default slit number */ double Xposition, Yposition; if (cursor_set) erase_cursor(last_cur_x, last_cur_y, last_cur_size, last_cur_type); set_cursor((double)sao_xpos, (double)sao_ypos, aperture, RECTANGLE); last_cur_x = sao_xpos; last_cur_y = sao_ypos; last_cur_size = aperture; last_cur_type = RECTANGLE; cursor_set = Ox7f; getvalues(sao_xpos-aperture/2, sao_ypos-aperture/2, \ sao_xpostaperture/2, sao_ypostaperture/2, abuf); get_center_at(&Xposition, &Yposition, -1, -1); jprintf(""\n\nSlitoffset: Star

[alfosc_slit_off_ocr.pdf | chunk 1] d line. It’s usage in combination with the CCD aquisition program (BIAS) works via a small modifocation in BIAS. This serves to obtain the objects position on the CCD and then call SLIT-OFFSET with these parameters. It is not pos- sible to perform other actions within BIAS while SLIT-OFFSET is executing. SLIT-OFFSET is called with the following parameters (also see ‘usage’) e [P-number The IP number of the TCS/VME computer. e Accesscode The current accesscode for communicating with the TCS. e X position of star The X position of the object on the CCD. e Y position of the star The Y position of the object on the CCD. e Slit number The number of the slit currently in the light path in ALFOSC. Num- bered from | to 8 (both included). e CCD Number The number of the CCD detector used. This is used for pixed scale and orientation purposes. The program now takes action as follows e Search the fi

[output_ocr.pdf | chunk 7] ng to the success of the exe- cution. A number of things can go wrong, and the easiest way to report it back to the caller is by using the exit status. The following values will (can) be returned CHAPTER 4. USAGE e 0) Normal termination (all ok). e -l Unable to establish RPC connection to TCS. e -? Telescope is not being autoguided. e -3 Guideprobe movement will result in X and Y value out of range. e -4 Guideprobe movement will result in X value out of range. e -5 Guideprobe movement will result in Y value out of range. Chapter 5 Bugs The offsets might be inaccurate due to errors in the determination of the scale of the guideprobe. This should not affect the usage of this program. Chapter 6 Program listing. 6.1 Main program. #include <stdio.h> #include <math.h> #include ""/software/rpc/hostintf2/gettcs2.h"" /* Functions used: FieldRotationDelta MoveRADelta MoveDECDelta AutoGuideDff AutoGu

[alfosc_slit_off_ocr.pdf | chunk 11] connection to TCS. : Telescope is not being autoguided. : Guideprobe movement will result in X and ¥ value out of range. : Guideprobe movement will result in X value out of range. : Guideprobe movement will result in Y value out of range. : Timed out. 15/2 2000: Added selection of pixel scale and field offset value based on the CCD number. + / #define DEBUG TRUE #define TIMEOUT 20 FETS T IS TST ILI I TS SPL TEP EP TEP PTT EE PEEP PE PTE rr rt es ee (void) void get_current_slit { 10 CHAPTER 7. PROGRAM LISTING. } FETICLOCSCSCLOSOCOC SOOOCOOOL OTOSOSCLOS OOO S OL O CSCS OEE TEE ECE ESTE eT ee eS a void read_slit_position(int pos, double *x, double *y) { char str[i28]; FILE *f1; char *token; char *token_id; strcepy(str,""slitpos.def""); if ( (f1 = fopen(str,""r"") ) == NULL) { fprintf(stderr ,""Error opening %s\n"",str); return; } while ( fgets(str,128,f1) != HULL ) f{ token = strtok(str,"" \n""); i","{""context_chunk_count"": 5}"
local_rag,local_rag,R1,How should I properly credit the Nordic Optical Telescope in my research paper?,"To properly credit the Nordic Optical Telescope (NOT) in your research paper, you should include an acknowledgment similar to the following:

""Based on observations made with the Nordic Optical Telescope, owned in collaboration by the University of Turku and Aarhus University, and operated jointly by Aarhus University, the University of Turku and the University of Oslo representing Denmark, Finland and Norway, the University of Iceland and Stockholm University at the Observatorio del Roque de los Muchachos, La Palma, Spain, of the Instituto de Astrofisica de Canarias. The NOT data were obtained under program ID Pnn-nnn.""

If you have obtained data through the OPTICON/ORP Trans-National Access programme, add the following additional acknowledgment (depending on when the data were obtained):

""The research leading to these results [and/or] presented in this paper has received funding from the European Union’s Horizon 2020 research and innovation programme under grant agreement No. [insert grant number].""

Make sure to replace ""Pnn-nnn"" with the actual program ID of your observations, and include the correct grant agreement number if applicable.","[www.not.iac.es/observing/guide/index.html | chunk 24] Quelle: https://www.facebook.com/Nordic.Optical.Telescope/

or our continued existence. Therefore, authors who publish papers wholly or partially based on data collected at the NOT MUST credit the use of the telescope with the following acknowledgement: ""Based on observations made with the Nordic Optical Telescope, owned in collaboration by the University of Turku and Aarhus University, and operated jointly by Aarhus University, the University of Turku and the University of Oslo, representing Denmark, Finland and Norway, the University of Iceland and Stockholm University at the Observatorio del Roque de los Muchachos, La Palma, Spain, of the Instituto de Astrofisica de Canarias. The NOT data were obtained under program ID Pnn-nnn."" Authors having obtained data through the OPTICON/ORP Trans-National Access programme MUST add the following additional acknowledgement (depending on when the data were obtained): ""The research leading to these results

[www.not.iac.es/observing/seq/new/seq-command.php?i=alfosc.cirpolexpose.tmp.html | chunk 1] Quelle: https://www.facebook.com/Nordic.Optical.Telescope/

-00 00:00:00 Author CV Back to top Last modified: November 28 2023

[www.not.iac.es/observing/seq/new/seq-command.php?i=13.tmp.html | chunk 1] Quelle: https://www.facebook.com/Nordic.Optical.Telescope/

-00 00:00:00 Author CV Back to top Last modified: November 28 2023

[www.not.iac.es/observing/seq/new/seq-command.php?i=alfosc.alfosc-calibs.tmp.html | chunk 2] Quelle: https://www.facebook.com/Nordic.Optical.Telescope/

13-02-04 00:00:00 Author JT Back to top Last modified: November 28 2023

[www.not.iac.es/observing/seq/new/seq-command.php?i=25.tmp.html | chunk 1] Quelle: https://www.facebook.com/Nordic.Optical.Telescope/

Last Update 0000-00-00 00:00:00 Author JC Back to top Last modified: November 28 2023","{""context_chunk_count"": 5}"
